Date,^SP500-255040,^SP500-30,^SP500-35,^SP500-60
2020-01-02,0.0,0.0,0.0,0.0
2020-01-03,-0.39624998786246257,-0.17454379151538024,-0.8500983268742601,0.8096475389588464
2020-01-06,-0.14804193724373693,0.06234114493688381,-0.2671201454118033,0.8939846177970612
2020-01-07,-0.6039456511849339,-0.6670045935930902,-0.507364210166239,-0.3120542696587236
2020-01-08,0.4374996178924784,-0.219734938844518,0.1327294879927221,0.10963755903901085
2020-01-09,1.5813137377810982,0.5127307105092793,0.6039786443339912,0.17289519404766196
2020-01-10,1.1894872063211492,0.38337806632302573,0.6451387312315982,1.12170180861757
2020-01-13,1.128358994774925,1.0690926129357736,0.28981254010647106,2.3741270546103754
2020-01-14,1.0591211131574019,1.0924634083446794,0.8383470913025937,1.8680981470744262
2020-01-15,0.9501170777424184,1.7454474270770737,1.694321035962676,2.6566598076970482
2020-01-16,2.1057180906060458,2.06025403873884,2.226889903227658,3.4705219485204664
2020-01-17,3.09487307017724,2.3205097705999878,2.2882096141513486,3.609681024131528
2020-01-21,3.0271096740272174,2.6695973536307704,2.331051378739857,4.7187325926487
2020-01-22,3.0609958674847615,2.7693393807604716,2.452019377028658,3.892213777218201
2020-01-23,3.4896485725721904,2.4981734729391913,1.9446449127301646,4.895842388560934
2020-01-24,2.156542885409829,1.832719322834775,0.235209285814042,4.651260355775455
2020-01-27,1.571010321038635,1.5085624906248096,-0.5241707329428191,4.2169182869773225
2020-01-28,2.4283157312135373,1.6285649142628422,-0.04955822121978093,4.528972556636046
2020-01-29,2.288383464041077,1.1002536734809665,-0.3284398563355051,3.875348935253231
2020-01-30,1.6976902005336303,2.161546509357204,-1.1012630424871772,4.1494460501040775
2020-01-31,-0.5987939428137024,1.0254519090953096,-3.065226740397975,2.7325612482994366
2020-02-03,0.5030512858412273,1.0161016885471108,-2.168082454708009,2.8675057220459044
2020-02-04,1.8508838461485988,1.56778372473787,-0.507364210166239,4.090409451466681
2020-02-05,3.699555964095924,2.337650256284496,1.4498727769810316,4.018722612728864
2020-02-06,3.402743837639721,2.675837175278395,1.56244264094767,4.436199839562005
2020-02-07,2.7354492559422683,2.8581712319300845,0.7409020724216564,4.486800799963597
2020-02-10,3.5124851157884773,3.243099741741773,1.2566746710423127,5.768747562528453
2020-02-11,4.265947189684649,2.8706413633021066,1.8799618464246715,7.059123528822431
2020-02-12,4.935444508818332,2.830120570285466,2.0210894687395564,7.775998350707258
2020-02-13,5.056972679942073,3.3989430921607333,1.4683609774484907,8.3199779785444
2020-02-14,5.568852897058263,3.690369396490345,1.6027618889998374,9.51758122776436
2020-02-18,5.37220688397706,3.2633601382501043,1.2289474974072512,9.34890707008793
2020-02-19,5.437021309192058,3.1776481979043147,1.6884454181768538,7.860335429545473
2020-02-20,6.734775308194441,3.282060579346524,1.0567498543400555,9.104331471809113
2020-02-21,5.926802225825711,3.56881652936365,1.0886709680700601,9.51758122776436
2020-02-24,3.566987133495969,0.9958412920387794,-2.2100833804510667,8.050101900064766
2020-02-25,1.2115865068036635,-0.7698665315466258,-5.095544928172879,5.271147858721648
2020-02-26,0.8889888661961942,-1.2529771130761258,-5.192989947053817,4.347641724352558
2020-02-27,-3.4189362054871664,-5.269063297188337,-8.35145751210552,-1.484357038677886
2020-02-28,-5.255093178490777,-7.240475972834326,-9.642565559281913,-3.980771892427659
2020-03-02,-1.327953978791141,-2.1553066877095794,-5.282036831612591,0.8729051739674976
2020-03-03,-3.023423460358454,-3.436343974353573,-7.692045028765914,0.7674822167930806
2020-03-04,1.1858009926523971,1.318438168836833,-2.326847184512648,4.786204829521923
2020-03-05,-2.5417432230310344,-0.6997351214734437,-4.666296697574667,2.315090455972957
2020-03-06,-4.180507949454637,-1.4618113878837713,-5.16022799447835,0.5819367826449984
2020-03-09,-10.370982341777824,-5.806724758518422,-10.08106301717998,-6.607910183552668
2020-03-10,-4.894194878788305,-3.0514059526186355,-6.962073861335005,-1.9482141895413863
2020-03-11,-9.720635352191643,-7.796837875260831,-10.599347878204702,-7.282619683271707
2020-03-12,-18.965479418160847,-16.312120825014766,-17.224573494749784,-15.34536538893022
2020-03-13,-14.017510773633756,-9.274239305340437,-11.468764990259594,-8.037445225457718
2020-03-16,-30.794044589159796,-15.618616013265708,-20.315004892246503,-23.256301778877276
2020-03-17,-28.36425437247877,-8.535533834339015,-15.330332769150978,-17.930338357889454
2020-03-18,-35.32145671252317,-11.339163698391753,-18.20655534370519,-24.053299077735723
2020-03-19,-32.66407876485589,-13.916809290029097,-19.732872676695624,-25.073798965550097
2020-03-20,-36.80702329794928,-19.541190479972602,-23.004740690427127,-29.176858657117176
2020-03-23,-35.04157419664817,-21.93027170523387,-26.835228194433935,-33.11124419100781
2020-03-24,-26.583341155298925,-18.152630412985825,-21.283543573807094,-27.393104023387625
2020-03-25,-24.242671897134137,-18.2928932331322,-20.287282845677566,-24.129206952844783
2020-03-26,-19.531124410250765,-13.658104001656602,-14.723001023567484,-18.20443547274031
2020-03-27,-21.53521089277938,-14.27836700443189,-16.78020554613201,-18.263472071377727
2020-03-30,-19.98187641582072,-10.932405324736582,-12.89176168658327,-16.028504092378416
2020-03-31,-22.416827331638032,-12.676292796401755,-13.234485549159025,-18.765286377049094
2020-04-01,-26.47359987715019,-14.273687138196166,-16.584479796590834,-23.728601002483273
2020-04-02,-25.7923156650415,-11.792663662864722,-14.260990840393816,-22.70810754917556
2020-04-03,-27.481900690886352,-11.314223435647698,-15.085048798390021,-23.294258933685143
2020-04-06,-20.69336060771818,-7.837358668277483,-10.501902859323764,-17.761657765706364
2020-04-07,-19.933272339983265,-8.94540260689476,-11.33688659524459,-17.66467044676775
2020-04-08,-17.61101167324971,-7.665934787585915,-7.6080431772798,-11.567003772615603
2020-04-09,-16.026011721799836,-6.9396994479565155,-7.093111417504582,-7.016951772150004
2020-04-13,-16.77947379569601,-7.645674391077584,-8.005370294147983,-11.280256417664347
2020-04-14,-13.527720866235038,-3.7371204992313944,-4.964507372003302,-8.391664817282207
2020-04-15,-16.908365403392256,-5.2410126355437185,-5.462632609001938,-11.883272644138898
2020-04-16,-16.952555013592242,-4.4836067234458765,-3.3852684624113283,-12.406172828146488
2020-04-17,-12.988589640265102,-3.0467355983061495,-1.3877019730796247,-9.585053464637594
2020-04-20,-14.76803286735996,-5.068019287517,-2.1554801261586376,-12.962809130590692
2020-04-21,-17.088081805892262,-7.220215576326005,-5.226592738474711,-14.3628226559237
2020-04-22,-15.729190604578601,-6.222823840798563,-3.707832700961,-12.73087733790561
2020-04-23,-16.101875797256092,-7.178144339820691,-3.244151094228709,-13.768235633178294
2020-04-24,-12.935562108025122,-6.1417822547652605,-1.8497121562532914,-13.519438998528233
2020-04-27,-10.449795388169091,-5.8347754201630515,-0.5594449479223385,-10.926036825839846
2020-04-28,-9.69707055700666,-5.4217867367834955,-2.6771385966973926,-10.904950947503622
2020-04-29,-7.424151208844321,-5.806724758518422,-1.9572369871472706,-10.592896677844909
2020-04-30,-9.464326622266672,-6.874247904119057,-2.3873260565909105,-11.187483700590306
2020-05-01,-10.566162860156558,-7.972941622188124,-4.415131981961751,-14.063425060872037
2020-05-04,-9.384048081172946,-7.968271267875638,-4.3454141367158865,-14.076075300972446
2020-05-05,-8.036943772834293,-7.846708888825682,-2.2882096141513597,-13.536310274999874
2020-05-06,-8.429507547027992,-8.85969066654897,-3.248345034323652,-15.13030487271677
2020-05-07,-7.011699862369369,-9.23682891122436,-3.2920276377575997,-14.409209014460721
2020-05-08,-4.89861833519083,-7.175024428996868,-2.77037942135111,-12.810999814879242
2020-05-11,-4.794028765413316,-7.355808042159884,-1.1155367945951733,-13.86944398848815
2020-05-12,-6.862920682391871,-8.159955545075526,-2.5897733898294972,-17.52972597302127
2020-05-13,-8.453818575711768,-8.99527362045961,-3.660796996277549,-18.858059094123124
2020-05-14,-7.152378363040624,-9.280469615064835,-2.6258986977867327,-18.782151219014064
2020-05-15,-4.883882471280798,-8.593195113040174,-1.916917739095092,-19.14059184720981
2020-05-18,-1.8597217681885825,-7.072172002966582,-0.9971015669749672,-15.151384316546324
2020-05-19,-3.167050931964721,-8.699176961817523,-2.1924462729613126,-16.724299470433667
2020-05-20,-3.102973749483484,-7.706455580602567,-2.072319113517962,-16.015853852278017
2020-05-21,-1.0215576967961604,-8.669566344760993,-2.866983601386608,-16.46706719754778
2020-05-22,-0.898555040204907,-8.367229864471259,-2.683014214483226,-14.62426953067416
2020-05-26,0.19444327564499542,-7.8794394167060355,-2.871177541481551,-11.921229798946765
2020-05-27,2.690522403008533,-6.4456786904668935,-1.8513938339441705,-10.032045773536124
2020-05-28,1.7625046257486066,-5.74594356899345,-0.6165707187510971,-8.914565001289798
2020-05-29,2.4577784682685344,-5.593210617475053,0.6459795700770377,-9.644090063275012
2020-06-01,2.2670214062923133,-5.007247609915266,-0.36624684198361956,-7.742262232270636
2020-06-02,3.898422696143422,-4.817113776204041,0.23941348004126173,-7.13502496942483
2020-06-03,4.384526389873367,-4.622309588180329,0.03948866333900458,-4.90427802679676
2020-06-04,2.9924952286009887,-5.184901800331221,-0.7669373142335734,-6.620560423653066
2020-06-05,5.667553515730783,-3.8072519093045765,0.8769846616638821,-3.2596760341716102
2020-06-08,6.169121325339466,-2.8846619381627914,1.5212825540500408,-1.176517370883745
2020-06-09,5.417870979644546,-3.7667311162879247,0.42337261281237826,-2.2813543375363343
2020-06-10,4.193769327897168,-3.910104335334863,0.2847675070338118,-4.149446050104089
2020-06-11,-0.9567432715811619,-7.567752715868103,-5.357630294644289,-10.15011897081095
2020-06-12,-0.13846677246999173,-7.7345062422471855,-4.699058650150134,-7.307920163472503
2020-06-15,0.2216942844987413,-6.755805435892914,-4.524338490546609,-6.3675491871384216
2020-06-16,3.866010988153401,-5.267503341776436,-2.1991627295925853,-4.727168230884516
2020-06-17,4.3366505660046295,-5.4545172646638385,-2.275607285601988,-5.806698282829636
2020-06-18,3.342343878062204,-4.946466420390294,-2.570454604648853,-7.067552732551596
2020-06-19,2.281748279437301,-5.557369690694136,-1.722037955465483,-8.02479498535732
2020-06-22,3.18325229057721,-5.811395112830908,-2.075682468899731,-8.2567267780424
2020-06-23,3.376221080754682,-5.9423077124290735,-1.6489567548378492,-8.581431287801522
2020-06-24,1.0797459281724153,-7.488271085246712,-4.26141228522976,-11.010373904678062
2020-06-25,0.630468408069973,-6.799446139733389,-3.277743631517349,-10.044696013636523
2020-06-26,-0.9022412538736702,-8.724107712638329,-4.458814585395698,-11.676647766161274
2020-06-29,1.4023435687798846,-7.0363215642624155,-3.6465129900372872,-10.17964048738299
2020-06-30,2.4717770894448154,-6.28671542922411,-1.9026337328548304,-8.750105445477951
2020-07-01,2.422426780108533,-6.239964326483072,-1.2062653568448267,-6.401278871068383
2020-07-02,2.7847995652785285,-5.80360484769461,-0.5056825324753489,-6.7175477425916785
2020-07-06,3.307729432635975,-5.304904223969265,0.49477213574913304,-6.5573092231510755
2020-07-07,1.8832955541386198,-4.35270363577096,-0.3679285196744986,-8.05431650192936
2020-07-08,2.3391992680797946,-4.552178178107146,-0.35112199689791845,-8.201904781269565
2020-07-09,1.523134497169898,-5.270623252600249,-1.1667766935058332,-8.509738014557044
2020-07-10,2.6485355302447555,-3.4815351216826995,-1.38434887183011,-8.357928698845596
2020-07-13,2.079941567219823,-3.707509882174853,-0.8626904012913661,-9.85493597762388
2020-07-14,4.1112790586021575,-2.236348273742883,1.0777503172115788,-8.97781620179179
2020-07-15,5.590952197540777,-2.2254380977827615,2.4100184512855893,-8.513959050928289
2020-07-16,6.149233753058203,-2.0103735132507294,2.235298291682075,-9.601924741109237
2020-07-17,6.692788435430663,-1.603624651518798,3.6305678143706777,-8.336849255016032
2020-07-20,6.385663901466976,-2.5511548854046273,3.620488002357636,-9.25613435301389
2020-07-21,7.58840349546559,-1.5958343863824997,3.563362231528866,-9.247698714778075
2020-07-22,9.295659870007933,-0.8399884296965698,4.443699994442252,-8.11756770243135
2020-07-23,8.62616255087425,-0.659214328456792,4.017815119225832,-8.568774613194464
2020-07-24,8.680664568581742,-0.8025875475037303,2.861948822446214,-8.93142984325478
2020-07-27,9.209492377809214,-0.26337564268498204,3.6070448349628137,-7.915157426318309
2020-07-28,8.548095737981765,0.031170572468441904,3.459200756016667,-6.025973400907669
2020-07-29,9.504101766829187,0.1854539674754907,4.578100905993598,-4.246433369042702
2020-07-30,10.081533651894127,0.19013383371122572,3.7750485379350662,-5.043437102407811
2020-07-31,9.8171242426629,0.05299092438868502,3.2029910073310797,-5.195239983612598
2020-08-03,10.095532273070384,-0.19791458692428598,4.279059646851779,-6.586824305216443
2020-08-04,10.780493708082805,1.1563645086934748,3.80865132935595,-5.317534217258668
2020-08-05,10.862246734644042,0.9303897482013213,4.31853805605853,-5.92055044373323
2020-08-06,11.163491308267792,0.9475302338858294,3.7196044447971977,-5.831998763030444
2020-08-07,12.373594338838911,1.4820717843921027,4.086692125626246,-4.5584876387014255
2020-08-10,13.696387618493787,1.941811570512697,3.732206773346558,-4.714511556277445
2020-08-11,13.862842642551287,1.224935963354734,3.0601919614575923,-6.494051588142414
2020-08-12,15.892705648466121,2.5776551035605832,4.830947299297406,-5.258497618621261
2020-08-13,15.656284490822415,2.3828509155368716,4.6579088173847705,-6.422364749404597
2020-08-14,15.687949965313619,2.359470608204739,4.431938504738331,-6.291641312029372
2020-08-17,18.50810121875215,2.934532951727653,5.041792766858144,-5.456693292869719
2020-08-18,17.24791063611102,3.3007610204429216,5.005677713033196,-5.6000669703453525
2020-08-19,16.042959313911133,2.5418046648564285,4.635226676822368,-7.501894801349729
2020-08-20,14.749619780546208,2.2815489329952587,4.3336629011442085,-6.502487226378239
2020-08-21,15.79106504962362,2.552714840816539,4.425222048107047,-6.274776470064392
2020-08-24,17.76347706689596,3.414533134356579,3.864085168361564,-6.047059279243882
2020-08-25,17.478442842649745,3.282060579346524,4.5915440733884205,-5.760311924292627
2020-08-26,19.00230559178835,3.388032916200623,4.463859618468358,-6.46031546970579
2020-08-27,17.91225624687347,4.020756538424708,5.2811959927671515,-5.178375141647617
2020-08-28,17.90046935389844,4.986987213406935,5.493723138018769,-4.4910154018281805
2020-08-31,17.35544018605848,4.65348967257202,5.832253060499593,-5.300662940787026
2020-09-01,18.460225394883388,4.764132363738605,4.797354762008776,-5.44404305276932
2020-09-02,19.859619992728273,6.751135081580428,6.985596840742869,-3.327148271044844
2020-09-03,15.427955021719896,4.737641657505898,4.051417910646715,-4.912707230525914
2020-09-04,13.572656709933817,4.489846545093501,3.292878730735316,-5.355484937559874
2020-09-08,12.898735934397632,2.328300035736297,1.5616018021022304,-6.5699594632514735
2020-09-09,15.223945572066189,3.849332657733129,3.3625965759811693,-5.422957174433107
2020-09-10,13.563081545160083,2.5496044419159647,1.7598449411135864,-6.810320459665709
2020-09-11,14.710581878717456,3.1776481979043147,2.152127024909123,-7.067552732551596
2020-09-14,16.71098214757729,3.659208335945152,3.530600278953422,-5.064516546237363
2020-09-15,18.464648851285915,3.5532264871678043,3.698603981925652,-3.744625497877996
2020-09-16,17.507896588939698,3.0249247583091554,3.4659172126479287,-3.2259399157349877
2020-09-17,16.226352939314847,2.3516803430684297,3.146716329480026,-5.342834697459475
2020-09-18,14.671552967653746,1.4088299754183353,3.0148276803327656,-7.194061568062249
2020-09-21,13.185981886845099,0.7324656493537862,1.1147062098819882,-9.73264817848446
2020-09-22,13.806866139376272,1.3807793137737168,0.9240203663473334,-8.59408152790192
2020-09-23,11.445576561579006,-0.20571436398382215,-0.16211783105414268,-11.25495593746354
2020-09-24,10.694326215884086,0.5563619024264943,-0.6854477251515223,-10.926036825839846
2020-09-25,11.63339364338527,0.9709105412179619,0.9542700565187356,-9.184447514276084
2020-09-28,14.090434868920031,2.1241456271643866,1.7816862428305713,-7.641053876960779
2020-09-29,13.468067140156315,1.4929819603522132,1.7027191702848388,-8.172389699204185
2020-09-30,15.706363052127381,2.7225882780194333,3.407960857105996,-7.670575393532819
2020-10-01,16.55410228829355,3.236869432017375,2.9224276945244876,-6.241040351627769
2020-10-02,16.868599249594784,2.6119360749295994,1.9874866773186506,-4.760897914814466
2020-10-05,18.063238164287164,3.4067428692202917,4.1202949170471515,-4.191617806776526
2020-10-06,15.464043952613626,2.719468367195632,2.7569465080885536,-4.938014145233383
2020-10-07,17.87543007324597,3.9381645089027417,4.699909743127839,-4.6723462341116795
2020-10-08,18.876362955027105,4.550627734618473,5.1938410400315105,-3.1626887152329974
2020-10-09,19.324165989662067,5.35945510376985,6.122055346473809,-3.4536571065554966
2020-10-12,19.596685068964568,6.603081996297777,6.836911922951261,-2.981357882949498
2020-10-13,20.661695133226953,6.593731775749556,6.069133769872259,-4.625959875574659
2020-10-14,19.696113939605798,6.042049739558775,5.33327673052324,-5.735011444091831
2020-10-15,20.500391817540688,6.057630269831393,4.572225288207776,-5.296448338922454
2020-10-16,20.44883877076822,6.141791766688498,5.640726378119476,-5.684404049183566
2020-10-19,18.61563076869963,4.72050117182139,3.9060860941046327,-7.147675209525229
2020-10-20,19.31385358215456,4.609848968731556,4.041338098633673,-6.472972144312861
2020-10-21,18.519150868993407,4.736081702093986,3.5541232583612636,-6.8187560979015345
2020-10-22,17.57639722782347,4.503876631877435,5.093032665768815,-7.531416317921769
2020-10-23,18.64509350575463,4.665950292020793,5.503802950031811,-6.90309317673975
2020-10-26,15.471416379951176,3.335051503735187,4.332822062298769,-8.02479498535732
2020-10-27,14.805596283721222,3.084145992422238,3.614602130439537,-9.163361635939859
2020-10-28,11.664321875142726,0.07481127630890594,0.27300601732989094,-11.351943256402153
2020-10-29,11.816787268788985,0.11844246822614313,-0.44352198270619647,-10.162775645418021
2020-10-30,10.571323559292845,-0.34440771679503657,-0.5149317597752168,-10.829043072394573
2020-11-02,12.481123888786394,1.2794773312320817,1.2986755967853814,-8.568774613194464
2020-11-03,15.507505310844905,2.9205028649437192,2.7594690246248943,-7.075988370787412
2020-11-04,16.754434515043528,2.978173655568117,7.330002381009515,-6.814541496036952
2020-11-05,18.109639502688424,3.7885514682081567,7.528245520020893,-6.523573104714453
2020-11-06,17.50495660876974,4.248291254328751,7.693736960589059,-6.915743416840147
2020-11-09,15.080318100459934,3.769851027111737,8.478311382312409,-4.52053691840022
2020-11-10,17.091030776827274,5.830105065850577,8.862195331785783,-4.022937214593436
2020-11-11,17.180884482694747,6.7417848610322295,8.682440393241864,-3.2807619125078236
2020-11-12,16.354507304277345,6.520489966775811,8.244783774189246,-4.263304645514343
2020-11-13,17.28915127537598,7.9760615330119355,9.65601898080899,-2.083158663287865
2020-11-16,18.894038799107115,8.886190884704925,9.44349183555735,-1.5855589594810704
2020-11-17,17.06230528250603,8.211386514052288,8.639598628653378,-1.4717067985774879
2020-11-18,14.982363715286207,6.80100609514529,6.725193151962339,-3.1205169585605597
2020-11-19,15.68868720804739,7.101782620023123,6.576508234170753,-3.0024437612857224
2020-11-20,15.10904359478118,6.41451762992169,6.367344444300893,-3.6392025407035677
2020-11-23,16.392070720638596,6.469058997799038,6.04562104459665,-3.9639006159560175
2020-11-24,17.64268613850597,7.189054515780802,6.347184820274809,-3.9892075306634855
2020-11-25,16.936362645744808,7.098662709199299,5.897776965650503,-3.78257621817919
2020-11-27,17.311250575858494,7.037891031597554,6.907480861174831,-3.99763673439264
2020-11-30,17.428355290579734,6.966199666112471,7.212407992234748,-4.773548154914864
2020-12-01,17.909307275938446,7.907490078350654,8.077620910062432,-3.567515701965751
2020-12-02,16.39280796337235,7.098662709199299,8.945356344426457,-4.647045753910872
2020-12-03,16.216777774541093,7.1594438987242714,8.763078889346222,-3.9470357739910367
2020-12-04,15.4662556808149,7.988531664383958,9.948343783319524,-2.673524649662029
2020-12-07,15.147344253876183,7.630093860804998,9.267089998262957,-3.592816182166547
2020-12-08,14.404194587487517,8.220736734600509,10.064266748535665,-4.077759211366272
2020-12-09,16.91057713159352,7.863858886433439,9.746737288926388,-5.013915585835771
2020-12-10,16.610078791468563,7.330877291339077,9.530857042425245,-5.4735581348346996
2020-12-11,16.021597256162366,7.644114435665683,9.075563315882862,-5.477779171205944
2020-12-14,16.14901437839109,7.209314912289133,8.218748532377319,-6.30429155212977
2020-12-15,17.83270595774844,7.452430158465795,9.373773990311495,-4.6849964742120775
2020-12-16,18.384361319427136,7.581782802652048,9.00835773304105,-4.6723462341116795
2020-12-17,19.563536118240798,8.236326776796353,10.233952129198777,-3.516908307057487
2020-12-18,18.862364333850845,8.471651757836707,10.265032404083364,-5.279583496957474
2020-12-21,19.17170958678085,7.337107601063475,9.201566093112024,-6.030194437278902
2020-12-22,18.724634804114615,6.426978249370485,8.845399063141457,-5.456693292869719
2020-12-23,18.63625558371462,6.749575126168539,8.931923431163913,-6.359113548902606
2020-12-24,18.8351133249971,7.181264250644515,9.192327119944421,-5.574766490144556
2020-12-28,18.89772501277587,8.044632987673218,9.485492761300417,-4.769333553050292
2020-12-29,17.757579125025934,7.7874971666358705,9.964299213118387,-5.439822016398088
2020-12-30,17.882793509818452,7.656584567037705,9.96514005196385,-5.102473701045229
2020-12-31,17.89384316005971,8.516842905165834,11.219292206469822,-3.8964348135894444
2021-01-04,16.91352610252852,7.327757380515254,10.62119943405393,-7.059123528822441
2021-01-05,17.415102902902248,7.338667556475387,11.358738151093828,-7.13502496942483
2021-01-06,20.00766192997201,7.266976190990282,12.927886994540504,-7.641053876960779
2021-01-07,20.304483047193255,6.919448563371433,14.418079019573703,-7.3585211238740955
2021-01-08,21.371704839656893,7.4493102476419715,14.959897114138542,-6.35067791066678
2021-01-11,21.790782379970587,6.5048999245799655,15.541183363777854,-7.9025071862179
2021-01-12,23.715318573374166,6.177632693469426,14.302996893203002,-7.847685189445064
2021-01-13,22.770362194768023,6.349056574160983,14.591127755618594,-6.5699594632514735
2021-01-14,21.56172465889936,5.741273214680964,14.150958874161912,-5.9880226806064645
2021-01-15,23.034771603999225,5.3111440456169,14.51636487730008,-4.613309635474261
2021-01-19,22.117066234246828,4.845173949771908,15.396702640213466,-5.131988783110608
2021-01-20,23.04139779783798,5.10698963704499,16.06116015662571,-3.2596760341716102
2021-01-21,24.082843066915395,4.678420423392815,15.479022814008703,-3.5885951457953036
2021-01-22,24.312638030720368,4.3698536333787175,15.15814025314992,-3.2934121526082216
2021-01-25,24.14324302649291,5.315823911852635,15.910793561143244,-2.4964148537497732
2021-01-26,23.388306467129215,6.292955250871746,15.452146733351334,-1.3873632852326123
2021-01-27,19.467056218534573,4.383874208239402,11.925750648625133,-2.7578617285002327
2021-01-28,21.714927295279374,4.874784566828438,13.579742182403365,-2.445813893348181
2021-01-29,18.441075065335898,2.7397287637039414,12.639766386257168,-3.4410068664550986
2021-02-01,18.214229072465926,2.758429204800361,12.996774255073174,-1.2524252459927943
2021-02-02,20.343511958256965,3.4690745022339264,13.311781198146132,-0.8475982592600406
2021-02-03,21.51974677690063,3.6389479394368207,12.517116710277488,-1.2186891275561829
2021-02-04,23.97383903150041,4.407254515571535,12.920329699063782,-0.7295250619852145
2021-02-05,24.403237970086657,5.337634751849607,13.205097206097594,-0.387955710261112
2021-02-08,26.130381916910217,5.811404624754157,13.368896714842627,-0.16445955581184668
2021-02-09,25.09777456987281,5.669581849195882,13.510865176002952,0.3078332332874689
2021-02-10,25.262017865729035,5.519978320424546,13.700710180692166,0.9066348578974592
2021-02-11,24.48793097681785,5.064908888616415,13.884669313463283,0.7927826969938767
2021-02-12,24.316324244389143,5.2301024595835965,14.741484096968826,0.7337460983564581
2021-02-16,23.875147403592933,5.0462084475200175,13.569662370390322,-0.3415693517241025
2021-02-17,25.33935642665279,5.457637175487662,13.972875359176617,-0.2572322728858878
2021-02-18,26.234234243953992,5.320494266165099,13.231973286754961,-0.2825327530866839
2021-02-19,25.622178922697756,4.030116270896156,11.934148782947297,-0.046386358537020556
2021-02-22,24.579259168152845,4.109588389594299,11.598982215848253,0.49337866743555114
2021-02-23,22.466177640974294,4.08153772794968,11.426774318648803,0.8096475389588464
2021-02-24,20.532803525530706,4.053487066305039,12.159268002616042,1.3662838414030487
2021-02-25,17.569033791250988,2.8846619381627914,11.046243470424933,-0.24458203278548973
2021-02-26,17.728853630704688,1.2031156114345132,10.149109438867221,-2.057858183087069
2021-03-01,19.660025008712047,2.188046727513182,11.496502418026932,-1.9060488673756204
2021-03-02,19.137823393323306,2.008823069762067,11.220973884160701,-2.606052412788784
2021-03-03,16.912051617061017,1.4493412565117492,9.744214772390048,-3.744625497877996
2021-03-04,14.541186874489998,0.9085693962810781,8.283431598682789,-4.486800799963609
2021-03-05,16.76990762168731,3.0810260815984147,10.473355355107783,-3.3861848696822627
2021-03-08,20.101201849508254,3.409853268120866,10.159189250880264,-2.87593492577507
2021-03-09,21.700191431369365,3.4082933127089543,10.837920519400512,-1.8427912323669582
2021-03-10,22.68418571180426,4.739201612917809,11.078164584154937,-0.8728987394608367
2021-03-11,23.643140711586685,4.550627734618473,11.772020697760887,0.6156729010816209
2021-03-12,25.14638763647532,5.297113958832966,11.925750648625133,2.1295450218248746
2021-03-15,27.203492660478858,5.761533611189296,12.656562654901492,3.331362872909427
2021-03-16,27.316182909562613,5.8316650212624666,12.613720890312985,3.3102834290798633
2021-03-17,27.018624549607615,5.77555418604998,12.155074062521077,3.1458238732680055
2021-03-18,27.583541289728842,5.275303118835972,11.94170607842402,2.3867772947107735
2021-03-19,29.629605654256164,5.537118806109054,12.344919067210292,1.0921802920455193
2021-03-22,29.882965413246133,6.760485302128649,13.361339419365903,2.218096702527683
2021-03-23,28.680225819247497,7.185944116880227,12.192029955191487,2.5723227288588335
2021-03-24,28.864356687384984,6.705943934251302,12.12651630417283,2.0283366665150293
2021-03-25,31.247745565664765,7.742296507383495,12.47595662337988,2.82955500174471
2021-03-26,34.408170303790754,9.651377550015837,14.700324010071197,5.36813517766026
2021-03-29,33.259195484765854,10.78592170678907,15.15561773661358,5.1825897435122
2021-03-30,34.44131026374948,9.52826472747721,14.112311049668346,4.668131632247086
2021-03-31,34.136388467222,9.00619330834298,14.271075779472998,4.157881688339904
2021-04-01,34.649014917836986,8.742817665657988,14.024115258087289,5.802477246458393
2021-04-05,37.24378567310802,10.139167997781051,14.77592772723515,6.44345062774081
2021-04-06,37.16865884038552,10.50540557841957,14.365157442972155,6.633210663753464
2021-04-07,36.8497474134468,10.293451392788121,14.088798324392759,6.789241015836156
2021-04-08,37.80206722862545,10.376052934233314,14.218995041716887,6.186218354854933
2021-04-09,39.954186657632754,10.324621965256565,15.549591752232272,6.338027670566393
2021-04-12,40.70175978042394,10.821762633569998,15.606707268928766,6.919964453211391
2021-04-13,39.98512388015525,10.277870862515526,16.119116512167665,7.5988885547950025
2021-04-14,40.242169852813994,10.189039011345912,15.979680821675913,6.852492216338146
2021-04-15,41.46922047549639,11.07578805570677,18.001600875128652,8.939865481490594
2021-04-16,43.55211101365122,11.794223618276622,18.8827794768875,9.125410915638653
2021-04-19,42.43037821271503,11.264361934006084,18.87017714833812,9.445900823533204
2021-04-20,41.0773849532714,11.903315865954545,19.377551612636612,10.673025589325214
2021-04-21,41.993624828321344,12.42071693077631,20.735865242654803,11.120017898223743
2021-04-22,41.11274563219642,11.466956387166105,20.22009264403415,10.70253423688392
2021-04-23,42.03045100194884,11.2892926848269,20.991223898362676,11.34772222003091
2021-04-26,40.49406411710148,10.00202508845851,20.564498184300795,11.571218374480186
2021-04-27,41.12084631150268,9.961513807365098,19.952962244490102,11.54591789427939
2021-04-28,40.45650070074023,10.005144999282333,19.534634664750385,11.166397822254082
2021-04-29,42.61893253725504,11.175530082836493,19.071783642731276,11.925450835317996
2021-04-30,41.78076846586261,11.223841140989443,18.687899693257883,12.617018742495345
2021-05-03,44.11260429736992,12.215002566792489,20.07477108162432,12.077253716522796
2021-05-04,44.47717981997612,11.613449517036845,20.12096594746233,11.39411501307459
2021-05-05,44.025690571672406,11.498126959634547,20.393131125946784,9.703126661912421
2021-05-06,46.01430394755723,12.975518877790915,20.483018849350998,10.289284480928673
2021-05-07,47.614768014885826,12.981749187515291,21.349072606024144,11.6218322038951
2021-05-10,48.28868879042203,13.851357746191638,21.468358926622045,12.00978147964955
2021-05-11,44.551569409964856,12.860196320388596,20.28309403264874,10.761577270027999
2021-05-12,38.917902087691616,11.370334270860205,19.075146998113034,8.138653580767574
2021-05-13,42.17996742466008,12.92408790881414,20.205808637793908,9.41215827058992
2021-05-14,42.750035873152534,13.413438311991266,20.666137143276675,10.516988802735838
2021-05-17,41.36463090571889,13.243574386711622,20.46537148772898,10.512780635377927
2021-05-18,39.59256010596155,12.944348305322473,20.523338097403187,10.69832606952601
2021-05-19,37.311540078492975,12.573440370371468,20.3502893613583,10.234462484155827
2021-05-20,37.826378257309216,13.530320824805496,21.60275983817339,11.71460492096914
2021-05-21,37.535446091192966,13.496039853436482,21.562440590121202,11.520617414078593
2021-05-24,36.76945988158802,13.848247347291064,21.632158435367078,12.697141219468989
2021-05-25,37.480206830751726,13.923049111676722,21.264229915692567,13.042931607564334
2021-05-26,38.22483098260789,13.722005102005387,20.582976130636,13.300157445943551
2021-05-27,38.498087304644166,13.055000508412306,20.388096347006403,13.118833048166723
2021-05-28,38.842038012235356,13.058120419236108,20.747616478226472,13.848364544658587
2021-06-01,37.79617827752047,12.723053411066033,18.762662571576417,15.7712782539992
2021-06-02,36.47853670623682,13.226424389103864,18.50308946750907,17.399002535646034
2021-06-03,35.4930679403344,13.804606643450601,18.97433862385034,17.15863510472513
2021-06-04,35.311148800398186,14.18174488812598,19.354028633228772,17.306229818572017
2021-06-07,35.18593441560567,13.980710390377894,19.753037427787845,18.377330666787973
2021-06-08,35.955606838879376,13.011359804571821,19.322948358344185,18.98456792963379
2021-06-09,34.72560724526195,12.526689267630431,20.514099124235585,19.17432153113976
2021-06-10,34.29179384103824,13.257594961572305,22.54609898970137,20.304465412499816
2021-06-11,35.91951790798564,13.363567298426403,21.6548405759295,19.596013359837492
2021-06-14,35.18373167816946,13.213963769655091,21.751444755964975,20.102048701880104
2021-06-15,34.40374684738823,12.896037247169524,21.720364481080413,18.858052659616465
2021-06-16,33.251085814694584,11.499686915046436,21.252468425988646,17.808044124243374
2021-06-17,32.94174955252962,11.90799573219028,22.212614100293205,18.20865650911154
2021-06-18,32.0829606661222,10.055016012847172,20.724944591796323,16.437545680975752
2021-06-21,34.55621224103449,11.270592243730482,22.28401362322996,18.676728261839635
2021-06-22,36.68329238938932,11.465396431754193,22.539382533070086,18.149613475967463
2021-06-23,36.62584140074681,10.83267280953011,21.97405171322966,17.72371347991182
2021-06-24,37.375617260974224,11.197350434756714,22.59565721092114,17.196598694039665
2021-06-25,38.48040246979912,12.085649922606233,23.156794090666622,17.951417801719003
2021-06-28,38.47967421783041,12.12150036131041,23.36343536400016,18.044190518793044
2021-06-29,39.58151045572029,11.657080708954082,23.44743721548628,17.875516361116617
2021-06-30,39.987335608356524,12.459677768381061,23.39367480003929,16.981531743319557
2021-07-01,41.37273158502512,12.14176075781872,24.536108183556358,17.348401575244445
2021-07-02,42.03339997288384,12.48772843002568,25.609644052408463,17.955638838090238
2021-07-06,40.86747756174767,12.026438200416422,25.499606959110423,18.959267449432993
2021-07-07,41.557599695896364,12.648251646680375,26.271579052284388,19.583363119737097
2021-07-08,39.52627119527905,12.308514284197813,25.673486279868495,19.490590402663056
2021-07-09,41.69165200272889,12.96304874641887,26.12541665102912,21.067726592921645
2021-07-12,41.760143650847596,12.727733277301766,26.35138696367556,22.105084888194337
2021-07-13,40.05362451903902,12.685652528873215,26.216986052124213,20.49844005037704
2021-07-14,40.9190395992852,13.717334747692899,25.959094625747746,21.56954089859302
2021-07-15,41.7689815728876,14.194215019498024,25.637371226043527,21.733994019898194
2021-07-16,40.9757443544289,14.370318766425317,25.915412022313824,21.86050928991552
2021-07-19,38.621080970470366,14.021231183394534,24.563825103059166,19.929153507832442
2021-07-20,41.395568128241386,13.930839376813031,26.06073358472365,22.180986328796727
2021-07-21,42.18585637576506,13.773436070982159,26.319465849945534,21.75086529636985
2021-07-22,42.3987127382238,13.480449811240636,27.15948436480675,20.91591084270352
2021-07-23,44.95003112602858,14.87057934556255,28.655552007625793,21.978582487190334
2021-07-26,44.46613016973486,15.084083974682683,27.853340478412704,21.978582487190334
2021-07-27,42.91133019807374,15.333429530583743,28.41362626518047,22.973769025790602
2021-07-28,41.94501176171883,14.33447783964439,28.906716723238723,22.20207864163961
2021-07-29,42.812638570166264,14.989012301865445,29.146130203279963,21.915318417675024
2021-07-30,42.84946474379376,15.124595255776097,29.243564968028647,22.30750159881405
2021-08-02,42.258034237552565,14.789537759529248,29.463649408756986,22.315930802543193
2021-08-03,44.70771202651485,15.356809837915876,31.29237135627101,22.859916864886998
2021-08-04,42.63734562406878,13.902788715168413,30.7430062203617,22.43400399981803
2021-08-05,43.87249692605744,14.551092867665073,30.250746347016655,23.44606181488993
2021-08-06,43.34809257323249,14.493431588963922,30.11466375777443,23.159314459938663
2021-08-09,42.43627615458505,14.856549258778617,30.605241953428596,22.644849914166908
2021-08-10,44.509591527966144,15.665376627929994,30.291916688046538,21.30809402384255
2021-08-11,46.525455912704714,16.023814431508974,29.02852556037294,21.911110250317112
2021-08-12,45.32197008520728,15.927192315203076,30.01974125542981,22.337010246372756
2021-08-13,43.90122242037868,16.868482727441258,30.801803414749095,23.167743663667828
2021-08-16,45.362482472503544,17.610298597343267,32.2768705946966,23.315338377514692
2021-08-17,40.008688675340245,17.66172956632004,33.757823646562215,23.488233571562354
2021-08-18,43.2869553709212,16.16251729624343,31.800586659414943,22.15147768123802
2021-08-19,44.6171210779136,17.15367872204647,32.44236203526478,23.281608693584733
2021-08-20,46.7957542730409,17.368743306578516,33.12025246493959,23.842453163386867
2021-08-23,46.44370288614348,16.952644224298385,33.094217223127664,23.34063885771549
2021-08-24,45.901613698473476,16.06901509076135,32.6355601412035,22.450875276289683
2021-08-25,46.54828346515594,15.955242976847694,32.29704047285495,22.23580832556957
2021-08-26,44.75779957858486,15.375510279012294,31.767824706839477,22.35388152284439
2021-08-27,44.83071468310611,15.774468875607916,31.551944460338355,23.416553167331223
2021-08-30,45.31165767769978,16.393162411048067,32.35331515070601,24.841860738358346
2021-08-31,44.81450433372858,16.592646465307492,32.186152286579215,25.61356399152266
2021-09-01,44.05883952239618,17.1801694282792,32.214710044927465,27.73467337511173
2021-09-02,44.667199639218595,17.60562824303078,33.640229257787446,28.29130967755593
2021-09-03,44.96844421284234,17.54952691974152,33.782187464815514,28.346118805315434
2021-09-07,44.01832713509992,16.276279898233838,33.0236482849041,26.891289717716262
2021-09-08,44.66793688195234,17.177059029378626,32.92032764823733,27.595507864994005
2021-09-09,44.71949891948985,16.46641373194506,31.364611718053204,24.89247456777328
2021-09-10,44.60902039860737,16.07368544507384,30.133992797087327,23.35328909781589
2021-09-13,45.40152037433229,16.270049588509437,29.340169148064142,23.947876120561283
2021-09-14,44.91173046693358,15.568754511624094,29.187290290177593,23.52618429186355
2021-09-15,45.588591222639764,16.033164652057174,30.070991408472736,24.03221963390616
2021-09-16,47.22367872615965,15.645116231421664,29.74925775463626,24.226194271783385
2021-09-17,46.97325894733966,15.037323360018394,29.844180256980856,23.04967046639299
2021-09-20,44.83512914874357,13.829537394271396,28.577436028057758,22.277980082242
2021-09-21,45.93033919279472,13.704864616320878,28.763917677365214,22.21893704909792
2021-09-22,47.386447536548346,13.999410831474313,28.877318126045015,23.33643069035758
2021-09-23,47.82836162007833,14.440450176498487,29.87441969301998,22.674371430738937
2021-09-24,48.27985086838203,14.678885556439415,29.325895395956138,21.194228993925623
2021-09-27,49.7057592323469,14.060192020999285,27.479526086820094,19.12372057073817
2021-09-28,46.84363009690966,12.47837820947748,25.311443632112084,18.385759870517138
2021-09-29,48.12518273729955,13.460189414732305,26.275783246511587,19.17432153113976
2021-09-30,43.0976727944125,11.362544005723896,24.657906766558323,17.2682790982708
2021-10-01,43.67142745657371,11.64773048840586,24.74274945688988,18.491182827691578
2021-10-04,42.49372714322757,11.25033184722215,22.88546975102761,18.60082682123725
2021-10-05,43.13449896803998,11.786433353140335,23.597803810968763,17.580326933422864
2021-10-06,42.99603219557,12.906947423129633,23.40459545089777,18.735771294983717
2021-10-07,45.48253615815978,13.382267739522824,24.92419632725693,18.917095692760544
2021-10-08,44.502219100628594,13.209283903419355,24.331138333781443,17.584547969794116
2021-10-11,44.63922037839612,13.168763110402715,23.397878994266506,17.78696468041381
2021-10-12,45.200450904848566,13.210843858831268,22.812388550399977,19.359866965287843
2021-10-13,46.0393432282097,13.439929018223996,22.918231703603077,20.01349702117732
2021-10-14,48.55530992785451,14.725636659180473,24.67470303520265,21.687614095867836
2021-10-15,50.31560282540186,14.530832471156764,25.29380652462232,21.7213437797978
2021-10-18,52.24308798974047,13.98850065551418,24.392458044705158,21.991232727290754
2021-10-19,52.29242930831168,14.052401755862975,26.02209601436234,22.47617575649048
2021-10-20,52.770432322735374,14.747457011100696,27.84997712303092,24.373788985630274
2021-10-21,55.56553530475637,14.563562999037117,28.411954841621846,24.820781294528803
2021-10-22,55.973572185593845,15.43784191202593,28.893283809976154,25.638864471723455
2021-10-25,57.75302440345376,15.459662263946171,29.012559876441802,26.03103478384916
2021-10-26,57.18883591530124,15.797839671016822,29.69885869457103,26.61297156649416
2021-10-27,57.15127249893999,15.194726665849267,28.645472195612754,25.693686468496303
2021-10-28,56.952414757657536,15.635766010873464,29.754302787708898,27.536477700863248
2021-10-29,57.47314188757875,15.493952747238438,30.985762547520213,26.014163507377507
2021-11-01,56.66222882504006,15.58433504189669,30.807679032534917,26.267181178398815
2021-11-02,57.48197081885371,16.383812190499846,31.630060439906373,27.447926020160462
2021-11-03,58.85191167040862,17.42173423096718,32.462521659290864,28.21539536794022
2021-11-04,60.70942171039595,17.666409432555753,31.461215898088703,26.752124207598538
2021-11-05,60.495099853234755,18.310033718816698,30.107947301143145,27.038884431563126
2021-11-08,60.02887474102101,17.201989780199423,30.799280898212757,27.01779211872024
2021-11-09,60.87219052078468,17.67263974228015,30.309553795536303,27.473226500361257
2021-11-10,59.93238585054974,18.006146795038312,30.65311849695749,26.849117961043834
2021-11-11,59.5479227556623,18.01549701558651,30.35155472127935,26.908160994187913
2021-11-12,61.247087441663425,18.034197456682932,30.905964890261295,26.988283471161534
2021-11-15,61.00698007035095,18.604579933970133,30.067628053090978,27.595507864994005
2021-11-16,66.52943162900795,17.89549459194848,30.567434967780493,26.76899548407019
2021-11-17,67.46407560010658,17.667959876044414,30.779962113032113,27.58707866126486
2021-11-18,70.1870007203401,17.2471904394518,30.856406669041526,27.62502938156606
2021-11-19,69.89239133132013,16.902773210733525,30.01218395995311,26.916590197917056
2021-11-22,70.03234158002267,17.80822269619078,29.404852214369615,26.27983141849921
2021-11-23,69.83420309994386,18.627960241302265,29.519093501894854,27.66298010186725
2021-11-24,70.1870007203401,18.289782834231616,29.467853602984206,29.29492541988534
2021-11-26,66.45430479628544,16.63939756804853,28.88823877690352,25.81596783312905
2021-11-29,67.85075042319531,17.245630484039886,29.37545361717593,27.49430594419082
2021-11-30,64.9377964929543,14.039931624490954,26.880592475558764,24.79548081432801
2021-12-01,63.791779635629474,13.567721706998338,26.640348410804336,23.121363739637466
2021-12-02,67.76532017373036,14.479411014103238,27.14435951972105,26.406346688516535
2021-12-03,67.5517175777728,16.079915754798215,27.466934012402987,25.89188214274476
2021-12-06,70.22014068029883,17.93757534037703,28.123823979206254,27.62925041793729
2021-12-07,72.71254258475864,18.207181292786423,29.726575614073838,29.860003795072032
2021-12-08,71.7764241281925,17.76926185858605,30.690084643760173,30.467241057917825
2021-12-09,71.34114522926632,17.83783331324733,31.010126365773516,28.68770102605287
2021-12-10,73.19644354105237,20.192624055216335,31.493977850664145,29.341318212929025
2021-12-13,69.29065740833644,21.63885491282751,32.709482180676574,31.044956804191592
2021-12-14,68.15420672502033,21.56249319302992,32.071910999053955,29.375047896858987
2021-12-15,70.4315315480551,23.000924273581557,34.85321107126356,31.28531136609918
2021-12-16,67.76532017373036,23.67883904313477,35.6327507140465,31.816647188342586
2021-12-17,64.59089681442809,21.579633678714426,34.71796932086677,31.420255839845645
2021-12-20,63.321131067013205,21.62638478145549,33.861995376206686,30.479891298018224
2021-12-21,64.62846023078934,21.49392173836866,34.425644518356236,31.30640367894206
2021-12-22,66.10593063229173,22.129755759493296,35.99815671718467,32.554607888563616
2021-12-23,66.46534545576166,22.35573051998545,36.550885208475734,32.073885895735124
2021-12-27,69.08663896791771,23.6180578536098,37.98059836143069,34.77271102559796
2021-12-28,69.65228396000765,24.391044295980223,37.592510217730094,35.3504267718717
2021-12-29,71.7793730991275,24.914675670526385,38.414891625101546,36.219110909467965
2021-12-30,71.41037412011877,24.51260667503019,38.6391802600571,36.70405393866769
2021-12-31,72.99684855703616,25.39155594233149,38.09232738655186,36.944421369588596
2022-01-03,70.83145875882128,25.383765677195203,36.73988937431951,35.628744923093805
2022-01-04,72.71327982749239,25.97285810750205,34.849017131168615,35.1100593409508
2022-01-05,69.4291151900414,25.932337314485387,33.89307565109125,30.762417616598235
2022-01-06,69.7406811619377,25.672081582624216,32.27435833229253,30.893141053973473
2022-01-07,65.49903601017179,25.86688577064793,31.67290220449488,30.176272666595327
2022-01-10,62.92710179811705,24.95052610923054,33.041295646526116,29.404569413431012
2022-01-11,63.729167947850684,24.77130245147945,34.05351180445453,29.19794453545339
2022-01-12,64.40234248988807,24.828963730180597,33.704071485247475,29.56903540374953
2022-01-13,63.69307901695693,25.107929415061434,31.522535609012394,29.122043094851
2022-01-14,58.82098343865116,25.340134485277964,31.300769490593172,27.59972890136526
2022-01-18,55.8800322660576,23.466894369426548,29.478774253842687,26.693094043467802
2022-01-19,53.71613493484033,24.31156266535883,28.906716723238723,25.158129609881662
2022-01-20,49.18871831609444,23.41079304613729,28.15574509293628,24.0111273210633
2022-01-21,48.98838608934446,23.43105344264562,26.794078361668582,23.96052636066168
2022-01-24,54.442337009117715,22.99313400844525,26.329545661958576,24.175593311381792
2022-01-25,52.29316655104543,21.598334119810847,25.49289050247914,23.846674199758098
2022-01-26,50.98657463000305,20.781716485523184,24.935116978115435,21.788816016671042
2022-01-27,50.741315550319335,21.478331696172816,25.10899629887351,19.655056392981574
2022-01-28,54.96453862450645,22.894951936727438,27.708018916002874,23.699079485911234
2022-01-31,56.15182309339139,23.487154765934882,28.56147034412664,25.250902326955682
2022-02-01,57.20282554571248,23.40923309072538,28.92688660139706,24.32739619258659
2022-02-02,58.412209315079934,24.86948452319726,30.541399725968567,26.389475412044906
2022-02-03,54.71632158312267,24.88662500888177,29.950023410183956,24.9978975249477
2022-02-04,52.6533365987792,23.384292827981334,29.42248932185938,23.420761334689132
2022-02-07,51.701736044804214,23.512085516755675,29.255326457732565,23.311130210156783
2022-02-08,53.9709691792978,23.918843890410855,30.276791842960836,22.324360006272357
2022-02-09,55.6274097498014,23.94065473040785,31.339417315086713,25.234043919497374
2022-02-10,52.49202429232789,22.661186911098994,29.27213298050915,21.64966337556664
2022-02-11,50.63746322327558,22.28403915450037,27.542527475434685,20.01349702117732
2022-02-14,50.50414815917681,21.930281217157123,26.147257952746084,18.78637225538531
2022-02-15,51.93227724210801,22.154696022237363,27.592936789632173,19.254444008113403
2022-02-16,50.52256124599057,22.3946913575902,27.7609404926044,19.549633435807134
2022-02-17,48.44778037790702,23.50741516244319,25.722213916375082,18.394201943259624
2022-02-18,48.53248237540328,23.644558071765754,24.69487291336099,17.85021588091582
2022-02-22,39.95566114310025,22.612875852946047,24.378184292597147,17.567676693322465
2022-02-23,36.674454467349314,21.60300447412333,23.743125373378593,16.015853852278017
2022-02-24,38.7588105002066,19.525619461623233,24.310137870909898,18.086362275465472
2022-02-25,41.67839062428635,23.25494969571833,28.07426575798648,21.025554836249217
2022-02-28,41.5089956200589,21.634175046591775,27.11159756714561,18.87914497245935
2022-03-01,41.447121175013876,20.901709397237987,26.370705748856203,18.609256024966392
2022-03-02,45.505363710611,22.109495362984987,28.31787317812269,20.780979237970378
2022-03-03,44.91541668060235,22.985334231385714,28.943682870041386,22.105084888194337
2022-03-04,43.33189121462,23.162997933724917,29.576219272723627,23.10871349953707
2022-03-07,40.91461614288268,20.861198116144575,27.359409181509008,20.894831398873983
2022-03-08,39.96597355060776,17.67263974228015,24.668827417416807,19.827951587029236
2022-03-09,41.654825829101384,18.451856494374972,27.035163265268448,21.594841378793816
2022-03-10,41.787394659701334,17.39212361391065,26.999037957311224,22.029183447591947
2022-03-11,40.62884467590271,16.040954917193485,25.995219933704995,20.894831398873983
2022-03-14,41.06339532286016,16.6970588467497,26.855398072592273,20.01349702117732
2022-03-15,44.76000231602109,19.280944260034683,29.302372416548273,20.856880678572786
2022-03-16,46.1586596711322,19.44145796476613,30.88580526623521,22.223158085469173
2022-03-17,47.67664245993086,20.152103262199695,32.98837406992456,23.88884595643055
2022-03-18,48.89926962621074,20.473140183585837,33.85526866544315,24.150292831180998
2022-03-21,44.878590506974845,20.614962959144112,33.6965039356385,23.500883811662753
2022-03-22,45.31019218299732,21.405089887199047,33.71750439851002,23.568356048536
2022-03-23,41.38967018637136,20.329766964538877,31.352019643636098,22.2906303223424
2022-03-24,41.56643761793637,21.071582834440882,32.85900793731362,23.070762779235878
2022-03-25,40.13537754560026,22.050274128871905,33.54446591659741,24.588855936350384
2022-03-28,40.882213425657696,22.553654618832987,34.52728347733212,26.187058701425194
2022-03-29,43.991813368979926,23.680398998546682,35.271538651003276,29.77988131809839
2022-03-30,39.77595373136529,23.87208327574657,35.57059016427735,29.04612878523527
2022-03-31,35.95486959614562,23.345331990376607,33.96699769056433,27.528048497134105
2022-04-01,35.85838070567435,24.88974491970557,35.17997950404044,30.10880042972208
2022-04-04,38.0090346399792,24.490786323109948,34.169434769670644,29.69975884112477
2022-04-05,37.793966549319194,24.574938308043826,34.410519673270535,29.77988131809839
2022-04-06,35.90920550047814,26.304805204848304,36.49208801408837,31.791346708141788
2022-04-07,38.14750141244918,27.79154734355287,39.023905048375916,30.65699465942382
2022-04-08,41.0206801981277,28.296478277002613,39.82779825527991,31.091336728221954
2022-04-11,39.98586112288902,27.69492522724697,37.07757845795487,29.32023876909946
2022-04-12,39.97259974444649,27.669984964502923,35.77891311530177,28.873233591187606
2022-04-13,41.51562181389763,28.548943743727474,36.36105045791878,29.404569413431012
2022-04-14,39.27806314466034,28.494402375850147,35.729354894082,28.649737436738356
2022-04-18,38.065011143154194,27.45025002565842,34.21227653425915,28.295517844913842
2022-04-19,41.69165200272889,29.325050096921746,35.45970197800161,31.015435287619542
2022-04-20,44.51032877069989,31.218541097358244,37.27918495234803,33.44016330263151
2022-04-21,42.291911440245045,31.079838232623793,35.760435168966566,32.59677964523604
2022-04-22,37.237887731237976,28.98998308875167,30.83204285078822,30.243732034455228
2022-04-25,39.3929561311803,29.516734374121633,31.701459962843124,29.619636364151127
2022-04-26,37.454430307365485,27.59986306635298,29.198210941036074,27.69250161843928
2022-04-27,37.56785779918299,27.944270783148028,29.047003506708148,26.853338997415065
2022-04-28,39.17494806035033,29.769199840846493,30.790882763890615,29.19794453545339
2022-04-29,34.20046564970325,26.3110355145727,27.552607287447728,22.872567104987397
2022-05-02,37.237887731237976,24.680910644897924,26.684871853083724,19.74360807368436
2022-05-03,36.39236022327306,24.383254030843936,27.11159756714561,21.236400750598072
2022-05-04,40.91535338561643,27.07622217988359,29.905499967904568,22.5562982334641
2022-05-05,34.277066967893255,24.66845002544915,27.35856834266357,19.452639682361863
2022-05-06,32.461534809904656,24.615459101060466,26.98140084982146,18.23395698931234
2022-05-09,32.46374653810591,24.67780024599735,23.717930970412105,12.773042660071376
2022-05-10,29.8778137048749,23.734940366424006,24.128691000542844,10.196511763854632
2022-05-11,26.724015160587644,23.307931108183766,23.333195927961036,10.015187366077804
2022-05-12,29.47640301787615,23.234689299209997,24.47394763378721,10.833257674259155
2022-05-13,32.13967441203094,24.98636703601147,25.784374466144232,13.662819110510526
2022-05-16,32.0210952118422,25.553639114398095,26.653791578199137,12.751963216241835
2022-05-17,33.250357562725874,24.107408256786922,28.40354645316743,13.932695188990142
2022-05-18,26.603961474931403,16.189008002476136,25.06867705082132,10.576031835879917
2022-05-19,27.912027881441293,13.893438494620192,25.34000139046033,10.352535681430663
2022-05-20,24.151343705799142,14.195774974909913,26.919240300052326,11.663991091554205
2022-05-23,25.237715827810312,16.591086509895582,27.939864846435135,13.021839294721449
2022-05-24,25.6464809606165,18.528218214172565,28.265782186234322,14.383908534259927
2022-05-25,28.915172491423704,18.571858918013028,28.243110299804176,15.029096517406915
2022-05-26,33.849151505539574,19.913667882258746,28.775679167069136,14.915244356503333
2022-05-27,36.46896154146306,21.224306274036042,30.987444225211092,18.15805554870995
2022-05-31,34.050958217757056,20.34223709591092,29.18813112902303,16.572490154722217
2022-06-01,31.652833475567242,18.761983239801005,27.34932936949597,15.290543392157385
2022-06-02,34.634279053926974,20.39366806488767,28.340545064552835,16.981531743319557
2022-06-03,33.64144685145207,19.139121484476405,26.878921052000138,15.526689786707038
2022-06-06,33.78875154596206,19.20458254023709,26.87471685777294,15.18934147135418
2022-06-07,33.16859554539959,19.7048336074511,28.527877806837985,16.517668157949373
2022-06-08,31.883365682105968,18.239911820666755,27.52320869025404,13.68389855434009
2022-06-09,32.049820706163466,16.46485377653315,24.601621834575017,11.082067177922529
2022-06-10,27.652779171346364,16.0300542531566,22.566258613727452,8.416971731989676
2022-06-13,24.38482488327289,13.496039853436482,18.88025696035116,3.234375553970814
2022-06-14,23.206387327193,12.03422846555271,17.614353570273522,2.192796222326865
2022-06-15,24.056329300795397,12.126170715622898,18.81641473289113,4.575358915173067
2022-06-16,20.67568476363819,11.389034711956603,17.009534087094092,1.9060488673756204
2022-06-17,20.5224911180232,10.93241483665983,17.033057066501932,2.5596724887584354
2022-06-21,20.817837749776945,13.912138935716612,20.12769265822587,4.491015401828191
2022-06-22,20.903276990006937,13.835777215919043,21.837128285141993,6.10609587788129
2022-06-23,23.23879004441798,16.064335224525617,24.5369490224018,8.235647334212848
2022-06-24,27.32502083160262,18.22432177847093,26.567267210176702,10.470608878705502
2022-06-27,27.131314798691374,17.959386180374025,27.061198507080377,10.179640487383
2022-06-28,21.88284781403933,16.38693210132367,24.855309066724264,8.648897090168095
2022-06-29,22.583282355695534,16.958874534022762,25.94565145835295,7.822384709244279
2022-06-30,21.804781001146868,16.8903030793615,25.524811616209163,7.856120827680879
2022-07-01,23.456060872514193,18.560948742052897,27.050277856221893,9.863371615859684
2022-07-05,25.508023178911543,17.889264282224083,26.30182874245577,9.323606589887135
2022-07-06,25.530113488629013,18.141729748948965,27.13343886886257,9.336256829987533
2022-07-07,27.347120132085134,18.232112043607216,27.72397434580174,9.407950103232011
2022-07-08,27.028199714381373,18.009257193938886,28.064185945973442,8.804921007744127
2022-07-11,26.343238279368954,17.839393268659222,27.767656949235686,8.813363080486614
2022-07-12,26.245274903430182,17.473155688020704,26.07165423558213,8.176604301068767
2022-07-13,27.267569842960103,17.484065863980835,24.889752696990584,7.586238314694604
2022-07-14,27.802286603292558,17.677310096592635,24.42942419150782,6.510922864614055
2022-07-15,29.72682279669614,18.143289704360853,27.473650469034272,8.3199779785444
2022-07-18,29.84172477398115,16.979134930531092,24.733510483722277,7.151896245896472
2022-07-19,32.87546064184712,18.246142130391153,26.9839233663578,10.1922907274834
2022-07-20,33.941216939608324,17.384323836851113,25.639052903734406,9.606145777480467
2022-07-21,34.63060183102324,17.811342607014602,27.530765985730767,10.71518447698432
2022-07-22,35.023902847950694,18.62016997616598,27.039357205363412,11.588089650951815
2022-07-25,34.5385363969545,19.162501791808538,27.73741751319656,11.663991091554205
2022-07-26,30.424317358182364,18.598349624245735,28.43967176112465,11.891708282374713
2022-07-27,31.607169379899737,19.524059506211344,29.271292141663707,12.503166581591763
2022-07-28,32.69722771557966,21.420670417471644,29.977740329686764,16.66526287179626
2022-07-29,32.949112989102105,20.54483154907092,29.520775179585733,17.015261427249495
2022-08-01,35.01359044044319,21.99885267181838,28.577436028057758,15.973682095605568
2022-08-02,32.55066026380342,21.099633496085502,28.10198267748929,14.464031011233548
2022-08-03,35.159420649485675,21.807158882695244,29.285565893771693,14.932102763961641
2022-08-04,35.42604178691815,20.847168029360642,28.647153873303633,15.075489310450596
2022-08-05,36.262731372843064,20.66639392812086,28.609357141787783,15.438138106004251
2022-08-08,37.6348749618342,20.588472252911384,28.899159427762,16.25200024682767
2022-08-09,34.98486494612194,20.491840624682233,28.51946941838357,17.108034144323536
2022-08-10,37.53029438282174,21.386389446102626,29.957580705660682,18.794801459114474
2022-08-11,38.273444049210404,20.996781070055228,29.029366399218382,18.14118427223832
2022-08-12,40.38432283895275,22.11105531839688,30.72200575749018,20.16952093875335
2022-08-15,40.83065138812019,23.396762959353357,31.3612586168037,20.74301564865586
2022-08-16,45.162150245753566,24.88662500888177,31.012648882309833,20.236993175626573
2022-08-17,45.164352983189794,24.595198704552157,30.187744958402064,19.882773583802084
2022-08-18,44.89773184575731,24.91156527162581,29.623254977407075,18.98878896600502
2022-08-19,42.80601237632753,24.478316191737925,29.979422007377643,17.841786677186654
2022-08-22,39.486496050716546,23.102216744199943,28.182621173593645,15.370665869131006
2022-08-23,38.023761513124185,22.544304398284766,26.40094518489533,13.692327758069233
2022-08-24,38.1673799939654,22.837290658026287,26.54963010268694,14.501981731534741
2022-08-25,39.21913767055032,23.396762959353357,27.94405878653008,16.28574279977095
2022-08-26,34.01265755866205,20.3328868753627,24.365581964047788,13.333899998886833
2022-08-29,33.84620253460455,20.161453482747895,23.48859730238391,12.347142664015731
2022-08-30,32.39524589922216,18.97081751460865,22.67378344462143,10.71518447698432
2022-08-31,30.717452261734834,18.28198305717208,21.900129673756584,10.331456237601099
2022-09-01,32.79297037255213,19.12354095420379,23.912810754041725,10.71940551335555
2022-09-02,32.10579720933846,17.465365422884418,22.13364702774747,8.863964040888206
2022-09-06,31.218282828609766,16.720439154081834,22.158851684846216,9.968794573034124
2022-09-07,35.78767732935437,18.786913990621823,24.196737422230097,12.081474752894028
2022-09-08,37.013253466569275,18.584319537461802,26.399263507204452,12.313400111072447
2022-09-09,37.33363937897549,19.72509400395943,27.44760497309009,13.36340864644554
2022-09-12,37.50156888850049,20.219114761449042,28.26914554161608,14.333307573858335
2022-09-13,29.78648551353991,16.24355888227673,24.07073464500091,9.943494092833326
2022-09-14,29.016075847532452,16.120436547814876,24.079132779323075,8.416971731989676
2022-09-15,27.913502366908816,15.091874239818992,24.7561926242847,5.988022680606475
2022-09-16,28.99619726601623,15.384860499560492,24.41850354064934,6.021758799043075
2022-09-19,30.481022113326084,16.140696944323185,23.74396621222403,5.79404804272925
2022-09-20,27.94075337576256,15.520443453471145,22.310899958019583,3.074130600023528
2022-09-21,26.670987628347675,15.124595255776097,20.248650402382395,1.454835522105835
2022-09-22,25.528639003161512,14.901740406107766,20.867743637669832,0.49759970380678364
2022-09-23,25.342305397587815,12.908507378541545,20.21925180518871,-0.8096475389588464
2022-09-26,23.773506804750433,12.916297643677833,19.007100576425785,-3.4157063862543025
2022-09-27,24.700787339276587,10.930854881247921,18.75174192071791,-4.655474957640038
2022-09-28,29.75849726195241,12.249293050084752,21.359993256882625,-2.8675057220459155
2022-09-29,27.034097656251397,10.407223506701758,20.244446208155196,-5.65910356898277
2022-09-30,26.092818500548987,8.432690920231956,18.55685188295606,-4.722947194513272
2022-10-03,29.322472129527434,10.316831700120254,21.087828078398175,-2.9476281990195474
2022-10-04,32.1993371288747,12.009288202808666,23.90777597510132,-1.3747130451322143
2022-10-05,32.71564080239342,11.334493344079277,24.31769516638662,-3.2512468304424447
2022-10-06,32.385670734448404,9.705928429816414,22.700659525278798,-6.346463308802209
2022-10-07,29.91242815030113,8.002561751167892,20.09912464574537,-8.678418606740134
2022-10-10,29.569205694678647,8.317358850906409,19.321266680653302,-9.766384296921082
2022-10-11,30.26596301343112,9.324110318905298,20.018486149641014,-8.847092764416564
2022-10-12,29.198741220967463,9.84618173803955,19.382586391577018,-10.112168250509757
2022-10-13,30.243863712948603,11.611889561624956,22.07653151105098,-8.459137054155441
2022-10-14,27.372159412737606,9.565665609670049,21.059270320049926,-10.833264108765817
2022-10-17,30.089932824599884,10.78592170678907,23.16183912373928,-7.36274216024534
2022-10-18,31.219020071343518,12.239942829536531,23.859048338594736,-6.186218354854933
2022-10-19,27.340484947481336,11.808253705060556,22.145408517451415,-8.585645889666093
2022-10-20,24.804639666320337,10.215529717578642,21.151670305858204,-8.960951359826819
2022-10-21,27.671192258160104,11.92825612869861,23.82796806371015,-8.341063856880615
2022-10-24,31.25658348770477,13.933959287636855,26.19430391156181,-8.421186333854248
2022-10-25,34.79337064141197,15.377070234424206,27.181325666523716,-4.815719911587301
2022-10-26,34.84492368818444,16.1266763694625,28.605993786406025,-4.959093589062935
2022-10-27,36.20970384060309,16.170307561379737,27.865942806962064,-4.963314625434179
2022-10-28,39.28616382396657,18.74795315301707,30.022263771966152,-2.686174889762427
2022-10-31,38.17916688694041,18.012377104762713,29.92062481299027,-2.9054564423471096
2022-11-01,37.95232089407045,17.685109873652173,29.998740792558287,-3.112087754831394
2022-11-02,34.12239883681079,15.648236142245487,27.79789638527481,-5.646453328882373
2022-11-03,32.39083143358468,15.261738165098638,27.23928202206567,-5.633803088781974
2022-11-04,33.04191566590462,16.57238606879916,27.95918363161578,-4.415113961225792
2022-11-07,35.406891457370634,17.58692780193436,29.313293067406775,-4.482586198099026
2022-11-08,35.64994779961814,17.988996797430556,29.963466577578757,-3.862698695152833
2022-11-09,33.64218409418582,16.654978098321127,28.593391457856644,-4.908492628661342
2022-11-10,42.83105165698002,19.52093959538752,31.924907758953246,2.4542495315839963
2022-11-11,43.7244549888137,19.352626113596514,30.23647259490867,2.3446055380383246
2022-11-14,41.4441811948439,18.267962482311397,30.280996037188057,-0.36265523006031586
2022-11-15,43.74434256109494,19.553670123267874,30.19026747493838,0.8686841375962651
2022-11-16,45.29324459088602,20.103792204046744,30.02310461081159,0.012650240100398058
2022-11-17,43.674367436743665,20.12249264514314,29.968501356519162,-0.8096475389588464
2022-11-18,45.2807294459423,21.36768900500623,31.527580642085052,0.468078187234755
2022-11-21,46.783976370830935,22.553654618832987,31.587218675317864,1.1891740454907929
2022-11-22,50.04824444523563,23.432613398057534,32.749801428728766,1.657252232725548
2022-11-23,49.14452870589445,23.84559256951384,33.20677683296203,1.8090551139303468
2022-11-25,50.331066941280596,23.917283934998945,34.03587469696476,2.462678735313162
2022-11-28,48.40726799061077,23.53390586867592,33.03121583451307,-0.40482698673275364
2022-11-29,47.66043211055333,23.078845948791038,32.72208450922596,1.294597002665232
2022-11-30,50.662502503928074,25.32610439849403,35.972121475372745,3.660288419039781
